id,phone_sequence
fadg0_si1279,HILAJaIDaBLMrDwLMwtJ
fadg0_si1909,vtbLKnBPLkwDBPwJMIBJLlLyLNwKr
fadg0_si649,lwLJctrJtICBgbLHwQKyDwLMywQLHrLHwJnDrJLknLMtrvrIFwLABymrKnLH
fadg0_sx109,KyJBcLMwDJLHIbEvrIbLABaDJLMyLMJBFLH
fadg0_sx19,vFBFCwDbCJFQSrLAnDatwDLhytBcDUwy
fadg0_sx199,TnDLiFLkIDKwmrQaSmwLAJLhFrKrLMwLAwDLMsLzwJLMwUyUwJ
fadg0_sx289,SnLlrLHIgtLABaKwUrQrTJtBcDJybB
fadg0_sx379,HbDLuwLJLMIgQyEaBcJwDUaDLlrJLMsJ
faks0_si1573,AwJLAbLMcDFJLlwDcDvbLurLkwDwJLHTPmwtBLhPFLMJLaISaIDLibLhy
faks0_si2203,lwQIyJwJtIwLkwJLMgLJyELktFPBwKDeB
faks0_si943,ALHILkaLAKwDstaBtAaILhFBFBScLAJLlwLMsKwDwDLJ
faks0_sx133,HyLJrIywJcrLAEyETwDwtrLASwLAaDLK
faks0_sx223,HSLlcLhcLMrLhaLMsLhaBcDwLurIaKU
faks0_sx313,AIaLtaLJtaIDJDcLhaLAJLhBtaIywLuaBe
faks0_sx403,vrSaILkIeLADJnJcQFbByJLArLJDLBgLJcJ
faks0_sx43,nBrByLHyLHBSaIatcDwLAJLABPLkwLM
fcal1_si1403,JLnBSswUNnDkwLwLHsKwDJgLAwLABLhBgDnJCbmbtnJwLJnBt
fcal1_si2033,SOLhwLABaJFKsDkwNrIFSsnJLMaIwBgLlwJ
fcal1_si773,lBcmaLHIaLznLALMIgJBstrJnQIBLkbswJ
fcal1_sx143,lwJbkwLzwDntrULhyLuBJLAwrLkwmbDBF
fcal1_sx233,vgSsynDtIySsCyDwJbsDLHbE
fcal1_sx323,lwtaLHrQnmnLknDLtrCIgQwDgDLMagC
fcal1_sx413,kbLDyJLSymwKLDsmcLHSwLJLAaItLCbLiLirJLArLM
fcal1_sx53,yDwJwLhFQBwLAbLTwBnIsLAwLMsDJnDhBJ
fcmh0_si1454,vaIwLzBsyLhCsDLMgLKTPwJLMSrQLhnIywJLAaCLHwUsKwDUctLHaBynJLirJ
fcmh0_si2084,SmcLhbmnLMyCIwDksbD
fcmh0_si824,JnQatrCUnCILKwDLkgUsETnDUgDLHInLHrIsKwDLkTryLlyDbDwtbLKrwJ
fcmh0_sx104,vyJLMFBcLhagCLHICLhsLAr
fcmh0_sx14,hytaItlsrJLMsUwLJbCrLIyQTPnQytaCyBac
fcmh0_sx194,hswDLzGsSgDgLkwKwD
fcmh0_sx284,zbtLMaLTPaILuTPLkwDtsLhrIbLhwJwDLzwtTPLiLHrLiwJ
fcmh0_sx374,zaDLAByDUKnBtwKtaIBnQwE
fdac1_si1474,vgJLAybDsbDvyJbLhBwtLCaLkwJLMbsyJLJ
fdac1_si2104,AatgevytaLsLBgnKJLkwLhGbJsyvLbmFBgbJLAJ
fdac1_si844,taJLMbLlnLAaBctwKwDwJsywUwLisyQLbLAysLAJLHbDLMJnQbLicaBLsLJLHnaIywDLMJ
fdac1_sx124,aLULzwLJLCsmwLHTPmrLhyPmctB
fdac1_sx214,lcCaDwDLkwFBaDnJLHgsLkwBSbLuBnJnDLkwLwDlwJgDJ
fdac1_sx304,KsyLMJLMgLAyEwUKCIgbDntIbJLMgbDwlnLSaD
fdac1_sx34,keDLzPLibeByJLMsmyLksKwJ
fdac1_sx394,AeBJybDCsLJLhaFDwJwDLMyJLAIaD
fdms0_si1218,HBcLJCaIBtrLMSFBgDvyDLHvbKDU
fdms0_si1502,TwBQwUDbwLUbLBwLHvbsLAvsLAstSsLMyLhwLHsLALDgLzwJwLAbr
fdms0_si1848,SyLAwDkgLMKyLuSLADkgBgLAIwBLHvyLHB
fdms0_sx138,lwLABcDUwLAvbJDrJLkwBJDwLAJLlnDJwtLHrtvyD
fdms0_sx228,kwvyLHaSwkFQrClcLtTwKD
fdms0_sx318,HByJLMwLCcLMsmwUcLhytatIaJLJ
fdms0_sx408,gLkIcLlwJcLhSgLlngvbQwDMwDwtLibyDLz
fdms0_sx48,uIbDcLreLAIPvrIbLHIDTDLHvwLAvbLJ
fdrw0_si1283,lwmwEwDwKnBLMwLlwQsyFbLMPmyctaBbLwLAsUQIbLHcLlBybLtaIJLM
fdrw0_si1423,MLhbLkagDvyLubmcLMJwLhBaeB
fdrw0_si653,KwFBsmwJwUwIybamySyaBwLhDaBwLzJ
fdrw0_sx113,bDcJLAwBbvbLkCbDLwULAPLktIyTwLhbctLALJ
fdrw0_sx203,lwLAaUSsbDwLkwLhIcLHBsyLbLlwKFar
fdrw0_sx23,lwUDyUwKwDMvaCwDgUCaQcBcJBsy
fdrw0_sx293,HByJLMsLlwULMrmyLAsLhLAaLMwLkwLACsDwUtnDsy
fdrw0_sx383,lwLAaLHwLAtsDbKbLHPmaBaIwbDBQIcLA
fedw0_si1084,hnLHsCvLlCsLhyLhFtSaCsKnDcLacQsKsLtaBDtSsLiLcLhsKsLJyQatJ
fedw0_si1653,vsJLhaBLAJPcLkwDUBgy
fedw0_si1714,AwrwJASIFPBaLALSwDaCFBsJLMbLHsbD
fedw0_sx184,lsLAbLJCyTaBLaBSsUvryLJLCgLTrJLJ
fedw0_sx274,ABntLAScJwFPLJLhaLkcLAKyrIwJLDctJaLi
fedw0_sx364,lyLMbDLMgCPsLsELAaCBaJLAaBgDJgmsLSwLHcLhaIsLkbeDcmsUvyLyLJwtJLMwCLHagLM
fedw0_sx4,lLzbsPCsnrIsDCaCgDsLheSaILAwDvaILA
fedw0_sx94,TDeLAJLzrwJBaBQLAaCcDLAbDswJLMIyLMJ
fgjd0_si1179,SgLKclyUwtLtnLAJLy
fgjd0_si549,lyJLHIFLrDULwLMwJgUNwLAJnLMrwDJcQLhgIsKcLAgbJrDJLHyDJLABy
fgjd0_si818,HFCUsLAaILBwLiLMIwDJDwLHaFBsyLwLMwDLMrLhItBcLHnBLMwJaIDILAJwLDBJ
fgjd0_sx189,MwJLMrGsnIytageIBsmwLMwCIeaLkwLJ
fgjd0_sx279,eBtJwUwLlwBLMyLzPSrLASLHbJwLHrLwKwDwUDnBSarwLly
fgjd0_sx369,HaLHsLHrmFQwUcBwQIyErCSErBJ
fgjd0_sx9,vSnIaITPHSaeSySarSsy
fgjd0_sx99,lwDwLkyLQBJcJgLkySwULHsJLMrCvgnraILAyJ
fjem0_si1264,MnDLNwUaBLMwDswLkLctJaDLrJLHFLHwDwtrJLPLUt
fjem0_si1894,gbtalnIbDvwDatAwrJwLANywUwLuaB
fjem0_si634,vywrLvywJLASgLtrJLSsUtwQtByLlwQnrIsywCLhagmwDbmwLDyDwtJcDJtBagDctJ
fjem0_sx184,lwLAbLJCbeaBGwJHrLJCgywrJ
fjem0_sx274,ABctSwJPLhglcBcLKmrywJLDctaFwJ
fjem0_sx364,yLicDLMvgnCBsDLAcCBaJLAFGDJgmwLkSwNwLHIsLkgDbmsvymwEJcJLMcCLHvar
fjem0_sx4,isDCsLrnCaCgDsLhgBSrLATwDvCar
fjem0_sx94,TcDtJLMrUtBFQLAaDwDLAbDLhynJLiIyLMJ
fjmg0_si1181,HIaLHrBsywULHwLHIsUwCLhFcLALwUnDbLJBnLwDJLMrCbCnDBgvbDb
fjmg0_si1811,HIbJnBgsvwULSarLhIbmwrJsLhIbNcLJBy
fjmg0_si551,wUwCbLlnIblnDbLMwJLMyLMvaBLnLtJaBLtLk
fjmg0_sx101,AwDwrQaILDUiFLubELMnLAIgLlnLAvbJMIbDJtraBvaBaLkbyJ
fjmg0_sx11,vywLBcBgbaIsnrBgvar
fjmg0_sx191,SwJLAIaBtaDybLAyJsKwDUwLSgcLMJ
fjmg0_sx281,AaIyELMIsKLHBbLMvbLuwtLhyLiLHaBJLtrearJ
fjmg0_sx371,IgbDbaCbDaLhyLkwLhbJLMeDtrLhwJLDnJLCaILzrJ
fjsj0_si1484,lnrIaBUFamwJLJyLArUbtLMrLMIswJ
fjsj0_si2114,JLMsLhsKUnLDQBcLCybLHFwULMgU
fjsj0_si854,TwLArLzwDLMwbLJKwJgwLknLhwDwtwLJ
fjsj0_sx134,AUwLIwLzbDTrsrDgJLCnLJwULhnLkwDCgsbDy
fjsj0_sx224,vgLuwDUzrwLzrnLMJM
fjsj0_sx314,TwJLHyLhBSrCSaILznDInUnISwLhyDbwDyLtaISBtr
fjsj0_sx404,haILhrLHsLHrByUwDwLhsLHcgrLHGr
fjsj0_sx44,hbJLcLhaLAChyDnrLMsyLJLHarLM
fkms0_si1490,HIvbLMJcLScUIaIgLMLHvbLJwLSwJLicJLM
fkms0_si2120,vyLHaFJLMJLlwDwsbmwLkLnQrNnBcwKwLHwUcSnLHcD
fkms0_si860,lPUwELtBPLkLlByUwQbLJDJwJLlcBcJwULnDBgnatJ
fkms0_sx140,nLurLABLitIBLHIaLAJaILAcDyQwByLwJLiwLwmw
fkms0_sx230,cBaBySsyvTrLlcQIgKJBagwJLaBcnrwJ
fkms0_sx320,lwDwrJwmwLuaLAwCsDcLhySwtJwDcSaLAwELwJLMDLJ
fkms0_sx410,uILhgJtIKLCwBLAyLiLSwLksCaIDwC
fkms0_sx50,AbmnJMIatwLALnQcDeDwLAcLHbLAJDwLHBbLlcLHBar
fmah0_si1289,btIgsCSwLTyUnLMbar
fmah0_si1919,nQIsCswQCwJKyCsUsQnDnUtnrmBsDGUy
fmah0_si659,vwJtsJLMIywUOUcBeFrCLvysmyLMLCbCwUIbLADbUtwUtcLvsJLirysDn
fmah0_sx119,lwDwNLAFBwJwLMbLArLQSwtwDwLHvaBLzy
fmah0_sx209,CgLABLAaBnILlLhbQICaBSwtLAIbaDLU
fmah0_sx29,vbLuIbLkwLHsLAwLHvbLActLHwLMsmnJ
fmah0_sx299,JbmyELAsCwUwLHaLHwrIamwCaICvaByE
fmah0_sx389,HFsbcDrLksLAvbaJwDrIPCcLAvwLAyJtag
fmml0_si1040,SDaglnDPUwDLknBcLzwLwDwDnLAJLMInBwLksELzrwJBcLKry
fmml0_si1670,HbLDcLhwJLwJFQwvynrLacJLlsLAbLsDyBgvy
fmml0_si2300,ICcCclsSwULlwJgurJatSwLAryeJwLy
fmml0_sx140,vbDrLABLirBLHambLAJnIbDByLCwQcBsLkwJLiwLhyLw
fmml0_sx230,lcBaByPBsvTrLHcLIbKMagcJaBgnrJ
fmml0_sx320,wDnrnJwDwLgLCbDgLhyIwQwDBaAyELkwJLMwDLJ
fmml0_sx410,AIsLHgJtrnKLDeLAyLiSyLMsBCagDbEB
fmml0_sx50,AvbcJLMbtwLAbLHbDcDwLAvbLbLAJLDLuaILlcLHBaIr
fnmr0_si1399,lwJwJgsmyIwBsLuUwJLMwbUwLHbLkwLMybFQIDLhFQlnLuaBaCrIsKwDcCbD
fnmr0_si2029,wDFLMcQLaLAbCnLMwvwUtGsJ
fnmr0_si769,MJFwJgLMwLkIgStBnmaDLKrLrLhaBr
fnmr0_sx139,lwLhcEuBFScULHBcJcCFBgJwLiSsmwLDblwKrar
fnmr0_sx229,gTPBcLAEtaICLHBgCnLM
fnmr0_sx319,cLhwLubFLMLAgLkBsLAbCFBLtMIlwtgEryaI
fnmr0_sx409,yLMsEJLhwCsLiLCgABsELAIyJwJLMrELNIbLMcJtBy
fnmr0_sx49,lwLMScBgLcDLMSatLALMsLScBCbLKwLhBy
frew0_si1030,hIwDyLhwtgrLArLrJ
frew0_si1280,lwJKrBLMrJcSLHrQIgmIaIBLMnLJBwLtaBcLtrLMnLAKwD
frew0_si1910,vyBwLkwDLhIyLtwLcDgDyEBLAcLlDwy
frew0_sx110,lLhnJtwmBrwULUaBQwLALMrLHIaLSBLJ
frew0_sx20,JKPSaSaICtBwJPSBcDFQaIaBJ
frew0_sx200,SretLADLMIBLlcJLMaLSaLMDlLhBwLirJ
frew0_sx290,lwJLrKrULMwLArBywDLHtSaICwLMwtrLrJLHnLlwLhgr
frew0_sx380,SgLirILzCcDytrUwLMLAaILhwLi
fsem0_si1198,vmwUabDJLHarwD
fsem0_si1828,bKJIyQsJnDvyLkwLJBsyLHOLJcKIFBynLtnQSOmnDyvytrLha
fsem0_si568,hbFIgmwNwLAbKcJLMeacDcLAIcKJLMLcDCgDSaLBbQar
fsem0_sx118,ACgDaDsDLAImwnLJnrBaILMLhaB
fsem0_sx208,IaLJnLhglLHaDnDlJLAnLJLUwJLMIsLAyJ
fsem0_sx28,HsLhwLkaILtPScDLkeaDcQLAbcJ
fsem0_sx298,aLuInmcDaLhgLlyKPyJwDmyFQrLiaILMJLJ
fsem0_sx388,vrIgmvbDwLbsLMJLScDnIQrwLlwLhrCnLMrLHInIKrLibELzwJ
majc0_si1946,lrQIcJBcCLHIaLhBcCScUhgDFCyEJaBtLM
majc0_si2095,CgLkbLkwmwLDvylwLMPLursmsLK
majc0_si835,JnBUCcLKwLlwJLMwBDnJwJnryLHmwLJwLkwtrLhIbDLwJsFUDLKw
majc0_sx115,lybCBcCPLkwLAwLJyLAIaLHBcJLaBcLuBcB
majc0_sx205,lwBcLMnrsLHrJDIeBaILALHnLMwLMPFLhsLuFQCcLDaImrKJ
majc0_sx25,FBaGrJBFQCwBywDrJ
majc0_sx295,lwtLAbIBLAemDJLMCaIaLvbQrIsDKMrLCymwEwLMP
majc0_sx385,vwKFBLkrtnBLnUwtwLSrLhrLAwD
mbdg0_si1463,SLAbDveSrQrCbLAJwCgJwLMJwLALHnLMLkQgTwD
mbdg0_si2093,vylnDatrLvwUcDbJLMCwkclcSnlrLSwLiBwJLcDwDLkwDPUybJLw
mbdg0_si833,HBnJLHrKDBJnBJLCwDKn
mbdg0_sx113,cCcJLAmrIbLkwCwDwJLAwLtILrLhbLA
mbdg0_sx203,lLAaUSynDkwmLhILHBywLlwKraI
mbdg0_sx23,lcUCyUsKwDUvaICgUCaIQBJLBw
mbdg0_sx293,HByKLMsLtwJLMrIyLMsLhBLABavLlwLAtByETrKtrCy
mbdg0_sx383,lwLAaILHwLAtyErKbCLMPLuaILaIybDaIa
mbns0_si1220,lsaBJFScDCcDyLHIbJLMyKwDUwLATrLMy
mbns0_si1850,lcLuwLCaIFLMTPCgLhGwA
mbns0_si590,HILzwJLMcDFUcDtnrwUIclcCFJLAaCcDCnLlwLUcQrQrLAIaJwDLJ
mbns0_sx140,lbLurLABLMIBLHIamcLAJaIcDyQDByLkwJLMwLhLMw
mbns0_sx230,HcBgeBySsvTrLHcLIbKDBSgUaBnrJ
mbns0_sx320,lwDwrJwDwLkaLCyDaLhyScLMwDSaLAELkwJLMwDLMJ
mbns0_sx410,uIsLhgwUtrKDFLyLiLSyLHsCSaImwD
mbns0_sx50,AbmwJLMIatwLAyLAwDaCwLAbLhbLALDwLABcLlcLHFSr
mbwm0_si1304,wPSwUwLAJLHFPJLMPcvacLhBaJhyLunKLiwrw
mbwm0_si1934,SsmBFSaB
mbwm0_si674,lwJwJDwJLHnLMwmrLMnLHwLAJLHrywLMJLlnQIySaDwJLMLhywLHLMwJLHcD
mbwm0_sx134,MwJwCLhrwDLzbDwSrDgJLCcDJLJLJLHnDCgbCw
mbwm0_sx224,vcLuwmyKrwDLkrDLMJ
mbwm0_sx314,tLHyLHBSICaILinDrKJrLhyDwDsLtrSFBtr
mbwm0_sx404,haILhrDLHsLHrDByLJwDcLhyLhaDtar
mbwm0_sx44,HbJLAwLHFBLAwDLhywDPDrLAsDyEJLHar
mcsh0_si1549,TaBKwmcQBcDyLkPcLMk
mcsh0_si2179,CgCclrDnQrSaLMJCsyM
mcsh0_si919,aLQywJKBylLhIgshBLHsnrvnUCwDynLzcJCcLiLMCsLMwlrDPJwLzPSsKwD
mcsh0_sx109,vKyKBnLkwDJLhIyDnvrIsLAFaCwKLMyLiBLHc
mcsh0_sx19,BFCcCJFQrSrLAnDatDLhytBwCUwTyv
mcsh0_sx199,TcDwLKwFmrDKwmwQCGsmyLAJLhFKrLMPLAwDLMsLzwJLUwUyUwJ
mcsh0_sx289,SclrLHIPtLuBgKwUrQrTPJtBawDJybmaBHB
mcsh0_sx379,HsbCLusQUKkIgQySnJDUcDtrULkyJk
mdlf0_si1583,trScDJIbmnLABSwUcCbDScUILAICwDLksKrD
mdlf0_si2213,JcCLcmySwQDFQSgJwJ
mdlf0_si953,vwJLMaIwDUQvbLMPIyUwDUtrLHrJwJLMyDJFaDwDnrDmcJLMwLusKwDLJ
mdlf0_sx143,lwJeDcLzwDrtrULhTPBJLAwrwLhynLMFSaB
mdlf0_sx233,veSsDtIyPSsCyDwJswDtJnrE
mdlf0_sx323,lctaLHrQInDwLknCtIvaIgQyDaDtMagrC
mdlf0_sx413,lbtyJSymyKDymcLHGwLJLAaItCbLiLMrKJLAr
mdlf0_sx53,ylwDwJcLhBmBLAbrwBrIyLAwDLMsyDJLJcCSBJ
mdls0_si1628,lwULCgvnBsLzrvTwDtacDLvwQwmwmcLUaLASsy
mdls0_si2258,TPnmevrIySITB
mdls0_si998,AnLMsNIgQMBan
mdls0_sx188,vcBaNIgJycBnBmnmwLAJLHnDJwLAe
mdls0_sx278,MPtFImrsJLHnJLMyLzyLAsKByIyLMJlcSaBJLiyLzaIDB
mdls0_sx368,BGsJLAaJLMwDymwLkBgLuBcBJLMLhyLAcCLHyBynBLwLM
mdls0_sx8,SgynBFSaIsFQrJwBygCLJ
mdls0_sx98,AnJLwLABnKLiwDtcQBybLJr
mdvc0_si2174,avKcmFaLHLrLvyJsLkr
mdvc0_si2196,vcLHItIbKwDcLhIaCyTwJLAwLkwDbDLAcCgUCagDScJDLMLhyJLDyJLMbLA
mdvc0_si936,aBgDyDvaBlwLMyJLCsLMsLATraICaIr
mdvc0_sx126,aImrtwKBwDLMnBcLzwDLJwmwJtrIwB
mdvc0_sx216,lcJLCaBLhaSgLHcLMcSaICaDcvFLA
mdvc0_sx306,bLiAFUcDctKTPSPLhyLAeDLzbDraBLJ
mdvc0_sx36,AaBwlcCaBJLMwLAaLHBwKwaImrwJLcLMsDLHaLHuPSrmy
mdvc0_sx396,lwtwKLhyLubDLMByLtIbDbLAByaDcJrtwJcQlwJLCaBsLAy
mers0_si1019,lnCPLlyPLMwmwLArLMIyLSrtrLMPULHFLICLJ
mers0_si1649,wLJctICeLyAyLTwDeB
mers0_si497,MwJLHBgsmwUSgeLMJLlcLHvcLlJLcBgLlwLiwBkrwLwbLrLkrLArLkwQbLMJw
mers0_sx119,lcCwJLAFLSrKILMIbLMwLkLScNcDcLHaBcLzy
mers0_sx209,CgLABLABrLlLhnLkrCSaBLBLAIbBcLJ
mers0_sx29,vcLuIsLHLHwLAwLHbLAwLHLHsPcQJ
mers0_sx299,KsmwELAIsCwUwLHaLHwBIgmcCaDveBaSy
mers0_sx389,lseDwLhsLveJLTwDIwCFLAwLMIyJgLk
mgjf0_si1901,MLcSICQIyJLMBsmLAIgJLMwLCPQEwABgLASsrLJ
mgjf0_si641,tLABnQrBgLJaDJtrAFQcBwLAaIwLMIbLzwLJaDJLcBwmBLMPCnBcLMrCbmwLA
mgjf0_si776,MwDgLMIgITaIDLMPLMgsLM
mgjf0_sx101,NLAwDrLrDLiyFLMwDLknLAIsLMrLABbKrCitIaBvaBmsJ
mgjf0_sx11,vySaBeBaInrBgD
mgjf0_sx191,SwJLMIaBtcDybLAPUsKDUwLSaDJ
mgjf0_sx281,AaIsDLirKLHBsLMbLuSNLHyLiLhaBJtreaIJ
mgjf0_sx371,IgDeCsDeLHymwLhnJLMgCtrLhwUwJHrLkrJ
mglb0_si1534,wUwLhyLAnUcCcJBaQcCBwDnJLlcLlvnrLuIFUcCBbtsJ
mglb0_si2164,MwLAnQwJnBNb
mglb0_si904,vyLHTrmwvsLkwCLuIbLkwUInIcLMIbLAJLAwCwLkwQTPcLunDLhB
mglb0_sx184,lwLAbLCyeaBaBSwJrLhgyrwJ
mglb0_sx274,ABwtLScJPLhclwFBcLzrwJLcJcK
mglb0_sx364,TyLiwDLMJbCBywDLAcCBaBJLAFDJcmwLScMcLhIwLleDcQwTyEJwULJDLHaILM
mglb0_sx4,zsCsrCSaILhBcDwLhcSaILAwEvaILk
mglb0_sx94,TcDJLJwUBFtLAaCcLAbDLkywULMIyLMJ
mgwt0_si1539,tJwJLJLHvaCBLkvnCbUyKJLbLurLtaILM
mgwt0_si2169,JvLhcLiJLMsrLzLkwJwLtyLiKaIwDgLuIyDkIbLiJLHvbmrLkrQIaCkrPcD
mgwt0_si909,MLAcCLHBJrIyIyLMbrCnLkwLJwLAJLAytgQPBPcCJaDavIgUwD
mgwt0_sx189,MwJLMIGsnQIytgeIsmBsmwLMwCgbamnLJ
mgwt0_sx279,eBcJwUcLhwBwLAyLMPSrLSwLMeLiJwLHrQwKwDLNLwUDBLSIwLlwvy
mgwt0_sx369,haLHsLHrmFLQwlcBwQCrcCTrIBLJ
mgwt0_sx9,tLSBvSrSryFQSgByrFSs
mgwt0_sx99,lCymyQFJcJgbmySwULhsJLHaDvgnIaILAyJ
mjar0_si1988,vaBUwJLAIgLATPFtaBrtsnr
mjar0_si2247,SyLAwJwmByrKw
mjar0_si728,HBFLJysbLHBUwDwJrIcLHtrLMaBQCnDnLJLMIsDeCvwDLAFSB
mjar0_sx188,SatIgUycCcCwlwLksLHcJwLAeacC
mjar0_sx278,MwtrlrwJLHrJLMyLivywLAsKCBsIyLJcSaBJLMIyLzrDFB
mjar0_sx368,haIsJLAgJLMDyksLhBbLABFLMLhyLAcCLHtyBynBwLunD
mjar0_sx8,SgTyBrSrIyFQrJwBybmcCJ
mjar0_sx98,unJwLASrKDtcDybDJrC
mjfc0_si1033,lwtLkrLAsElsSwQBPUMr
mjfc0_si1663,vyNaLkvyJMaLHnBtsJnmcSwCkF
mjfc0_si2293,HPcUIrKLHInKBylcScDUwmaBlrLuIcCcLJLBbtLMnLBemwJLM
mjfc0_sx133,HyLirIywUrLACLQyEwLtrLArLScLK
mjfc0_sx223,AScLkcLhcLirLhBaLMsLhBwDwLurIaILi
mjfc0_sx313,MIaLtBgtaICJDcLhaLHctaIyLuaSaB
mjfc0_sx403,vrSarLurLADJwJcQSFDBsKLArLJwCLhBJwJ
mjfc0_sx43,lcBLkPByLHyLhBaIatCwLJLABPLkwD
mjsw0_si1010,lwJFBLAaBLQnLiBagQIywJgvaILnDcJLHrCnQLkysLuJgsJLMLJyLky
mjsw0_si1640,vaLkwLSBDLzaByCnC
mjsw0_si2270,kaLuJLkwLJcLMyELkcScDUwLyLuFB
mjsw0_sx110,lLhnJtBsmBrDwJLMwJatLbLALArLHIeLhFCJ
mjsw0_sx20,KTPSaISaICQJtByJySBcDFQaIaBJ
mjsw0_sx200,IatLAwLMFBwJLMaLHSgLitcCcLhByLMrJ
mjsw0_sx290,lwJLHrKrJLtwLMwLABywDtSaCwLMwtrLHrJLHnLMwQLhgbr
mjsw0_sx380,SgLinrzCgDstrJnLzLubLhwLKLMtALMLM
mmdb1_si1625,vLCwLALycDLAFHrLhB
mmdb1_si2255,vyJBaDreLwDgJLHSILhnLkIPcLJcNwtLAyLtymcSsy
mmdb1_si995,bLkwtrDLMgLJyJrLkwULAByLABclcLASnrBymrLwDwUaIFLHwDPwJLMk
mmdb1_sx185,MyLzwLhgsDyLAaImrIGmFQIaBJ
mmdb1_sx275,JLMyQSarFLhIsLInLAnKIKLScmrvrv
mmdb1_sx365,lyLAcCcDLAnLMwUNwLMDLAarmbLAcDLHBwLtrNMIyerJM
mmdb1_sx5,KywJLlwDrlwDcBDbC
mmdb1_sx95,yLABamwUwDbBwLAymrKnLMIbLhyABIcLMgBJ
mmdm2_si1452,HBLMryLIyUFBLJcQyIymysKDLMnJLHFLMIyvwLhwDLAGsLJwLAJnJtB
mmdm2_si1555,cJyLAyQGyJLnDLJrLD
mmdm2_si2082,ATrLhaFBwECnBLAsyLTPr
mmdm2_sx102,JLHcKBLMbJLHaIJcUtInJLAPvaJLzPUtCLAwLDcLHrJ
mmdm2_sx12,SaIaQcCSrTBwBy
mmdm2_sx192,JLMIavbLJrImFtbKwDwJKTr
mmdm2_sx282,lwLMPJtrIytrLuaLMLAFCScIgLzrULMPtcBe
mmdm2_sx372,lnLkgLInCwLAJnDJSaBybtHrCcLiJLJnmy
mmjr0_si1648,TPFUwtrByCaILCFLMnaBLSwtLASgmwLkwmcQBcLMLABLcJLHBywDtIaCLMJ
mmjr0_si2166,BLALJIyaILJtacCtSBSacJ
mmjr0_si2278,uTyLMsLAJwDtagLAeDyJLMPLhnLMrCLJ
mmjr0_sx118,HcLtBgICaBQwCLurmwDLJLwvbBaILMLhB
mmjr0_sx208,hIaLJbLHglcLHaDLkLwDULAnLiJLlwKLMrsLuTyJ
mmjr0_sx28,hsylnLuaILHtIFSrDLueaCcQLAbJ
mmjr0_sx298,gLkIbLlcDaLHgrmyKTPrUMLlnDLyFQrLiIaILiLM
mmjr0_sx388,vrvrvbDsLAJLSDbQcLhLhraICnLMrLALHIKrLiwLzwJ
mmwh0_si1089,HIvbLJLlwEwULIyQwDSrJLlbD
mmwh0_si1301,MyDJLADtaICwDwCLHaILDLHIwLiLHwLMSyDLHrUwLnDwtbLALMwy
mmwh0_si459,vytrlrLHrLHIFPULAIbLMJcQcDcDJLhnJctBgLJBCLtrLAJLHrCwLHBvaJLHcmBJ
mmwh0_sx189,MwKLMIsnQIytaIBswLMwCgLamcLMJ
mmwh0_sx279,bBJwUwLhcBLMyLMPLSrLSwlnBJPLHrLlwKwDwULDFLSwlw
mmwh0_sx369,haLHsLHrmFtrBwQwErCTrIBJ
mmwh0_sx9,SrITPSaBSySrSby
mmwh0_sx99,DwLkyQBJBgsmySwULhsJLMaDvarILAyKJ
mpdf0_si1542,lwtyLuSaIaCsKPJLwDaQTwJLMwJKIyLHr
mpdf0_si2172,JLMIwELNLhyLubCLkwUwLHcLHwDLkeDvwJLinJLJ
mpdf0_si912,TPCsCsKrJnaBtnDwLASarIyFCbLAtaI
mpdf0_sx102,JLHnKBLMbJLAtaIJwULInJLATvaJLMwLzwJtcCLAwLDbLHrJ
mpdf0_sx12,SwBFQIaLhwDPcSnrFsTnBFBwBy
mpdf0_sx192,JLMIavbLJramctbKDwJTr
mpdf0_sx282,lwLMPLJtrtrLubLMwLAeCScDIaLzrJLMPtnBa
mpdf0_sx372,hnLMgnLuIbCsLAJnDLJFCsbtLMrCcLiJLMnmy
mrcs0_si1223,lrIwLAcLMIbCBgLAIbLhwLJ
mrcs0_si1853,lnJlwQnLJwLArLkDQwLMwDJLisELUwDwLHwrwDJLwLPSwDUrQIgwLM
mrcs0_si593,lwLAbBcMvbtJwmyTwULMgsDcDwJLtyLM
mrcs0_sx143,lwJeDkwLzwDwtrULHTPLhBJLAyrLhybDABLA
mrcs0_sx233,vgSsybDLtIySsLCyDwJsDtnEw
mrcs0_sx323,lctacLHrQnmwLlnCtICaIgQwEaCLMvavcLv
mrcs0_sx413,kbtLDyJSymyKLDyBLHSwLJLAartLCbLMLMrJLArLM
mrcs0_sx53,yQlwDwJwLHBhFLAbmyBnrwLAwDLkywDJwCLhBJ
mreb0_si1375,atnDLMaCDwLJLMInJwLHSywDwLAsLMwJnDrIwEwLFQwLMnLKwDaIwCFKwC
mreb0_si2005,vynLBbtLMrmwDQgBcLlsLAyEtrCFsybaImySLznLkFQrwDLMaIC
mreb0_si745,HIsFBhaILMFwJLMwUzTPKaB
mreb0_sx115,lybCBcCLkwLHsLAJlyLAIaQScJLaBLABSaF
mreb0_sx205,DFLMIsLHrJDreBaILAJLHnLMwLMIFLhsLunQCrDFaIrJ
mreb0_sx25,IFDBsCBGsrUScQLtCsTwDnrJ
mreb0_sx295,wLArILAeCJLMCaIeLvbQrIsEMtrCsmyEwLMPr
mreb0_sx385,vwKFLrtnBLMnUwtwSaILhrFLAwD
mrjm4_si1489,weLBaJLAPSBDLhcJbE
mrjm4_si2119,lDTwDULMwELMPLkwJcLHcDbULhwCaBJLMJ
mrjm4_si859,vsCaCLALMrLhwLMrLHgbDTPUySaLHsatclcSrLArwCLkFGrwLMarJ
mrjm4_sx139,lLhcCFScJLHcUCyJwLiPSswLCTrlwKrIr
mrjm4_sx229,IaITPQcLAyDAaILhaCcLk
mrjm4_sx319,wLhyLuwFLMgBybCBLMIPLlctaICrvr
mrjm4_sx409,TyDJLHwDPKLCgLyELAIyJwJLMIwLCrIgLATrcJLwy
mrjm4_sx49,vbLHagmaDLktaBtLMsScBbQKwLhByE
mrjr0_si1182,lcmnJLMwtInDLKyskwtATPcLkywUgLkynwU
mrjr0_si1812,TLMJrmwmywUDFLMJgCtaILAICwDsKwDLJ
mrjr0_si2313,SnBLKwDTrLkwLuCwDvyLkaBCBySagDwLbDCwULMIvbDryLkwLDTQwDLMPwlbLSaB
mrjr0_sx102,JLhcKBLMbJLMtaIJwUInJLTPvaJwLzwUtICLAwLDbLHriU
mrjr0_sx12,SwBQIaLCcDSnrsTnBwBy
mrjr0_sx192,JLMIavbLJaIemctbKwDwJTr
mrjr0_sx282,lwLiytnrstrLkgLMwLAaCSwDIaLkrJLMyLMtnBaLk
mrjr0_sx372,lbLkbLuIbCsLAJnDUaBCBybtLMrCaLiJLMcmy
mroa0_si1307,lwUwUDFCwJLHItCsKCFLhwLMLHyLy
mroa0_si1970,lwLArBDTwLkwDtFLBLSwDCIwDLMLMPLkwLkaCwUcLCSaCwBJLIaB
mroa0_si677,ALCLHrLSLAIwDULMDhyDFLkPLkwFJLSrD
mroa0_sx137,AtrLkwKDLAarULHICaLHIPLSBtIaICmryLzLrLK
mroa0_sx227,lLJMwBNJTrLkLAPLALSLlFLKrLr
mroa0_sx317,lwLAInICLhrLhaFLkPLJLHrLHILkyDaPLC
mroa0_sx407,HBgctJLhnLJLwDJwEwtaLiDJLCaBULHaCTC
mroa0_sx47,CaCLJLAIaCSwLkwJBgLJLnLHLMcQKLiJ
mrtk0_si1093,ScmnFCcJnQaILhsvsQwrILkyJgJyt
mrtk0_si1723,wDTPSgLywLkIwtLMwLkwDtrDFSar
mrtk0_si1750,AwlyCbJrnDJatLHwlwCbDaClwJgLlwLHIgCwDwJLMrtsr
mrtk0_sx103,AvaDbLhwcDJtrCnmwLAFJwJLMcDJ
mrtk0_sx13,JIETrIaICwJMgsKPLAsbD
mrtk0_sx193,SaLISgraFSwDTaSwUzTPUCagw
mrtk0_sx283,HBgnDLHvrDvFmaIDwUsKDJLHrCFDLrJLwDLMtrB
mrtk0_sx373,wChaIDaQFwUwJwLHrJyLHEHnB
mrws1_si1130,KwlyLAJnBrsELurnNwtMnLDnBcLzvylnCrSaICcJM
mrws1_si1496,HbtLMrmbLhBgFIcJtcUwLAJFLMcDLHBSyUy
mrws1_si500,lrvrCaIaLNywJLDrCLtcCsmybLAJcCwDyLHIaQrmagJwryJM
mrws1_sx140,HbLurLABLMrBLHIamaILJrCmyQwCBsLkwJLMrLhymwLk
mrws1_sx230,lBeBySsvywrILhImIbKLBagUaBnrAJ
mrws1_sx320,lDwrJwDwLuaILCsDaLhySwNwESaLAwELkwJLMLJ
mrws1_sx410,uIsLhgUtrKLCFLAyLiLSwLMsrCaICrC
mrws1_sx50,AbJLMIatrLAyLAwDcCrLAcLhbLAJLCwLBaLlcLHar
mtaa0_si1285,tnCByIbJLDwLHaBLSySLhyDnJry
mtaa0_si1915,wSwJNnrlwLKySLvbtLMPywDbLMIyDcJysKDLHsLutrLuwQLDcJ
mtaa0_si596,aDyJlstwBsLAwDFBagk
mtaa0_sx115,lwLnBFDLkcLHnLAJtBcLAaLHBcJaBLuBFB
mtaa0_sx205,lFBcLMrsLHrJDnaILAJLhcLMwLMPLhsLuFQrCwLhSmrLJ
mtaa0_sx25,SaByBGyrJBFQLCGywDnrJ
mtaa0_sx295,lwtLAIBLAcDJLCaIBLvbQrIsDitrCymyEwLMPB
mtaa0_sx385,lwKcBaItaBLOUwtwLSrLHIFLAwD
mtdt0_si1994,JPBtaByULhywrUScULkwLuwLCywCLhnLDCsbDTPLzwJLhnDaBSamcCBcmy
mtdt0_si2254,ASgByvykwLMrCcDctFBar
mtdt0_si994,vrJLMcmytwJLArIyScULHrJwJLMcSyLHrKJPLk
mtdt0_sx184,lwLAbLJLCyeBasJArLiJLCgTrJ
mtdt0_sx274,ABctScJPLkLhclcBFDKTrIywJLCcJagLKk
mtdt0_sx364,TyLzcDLMgnCBywDLAcBCBaJLAFJgmwLSwNcLhrwLlnFmcQwvTyEJwJLMcCLHvaI
mtdt0_sx4,lzsCsrCSaICBmyLhBgcSaILAyEvaILwk
mtdt0_sx94,TcCJLMrUQBFQLAvaBwDLAsbLkywJLMIyLJ
mteb0_si1133,sLAbDLHrLzbLABaDaIsLzLABJtarLJbBt
mteb0_si2064,vySwULuwtLMwLkSwtbDCaFCbEwLMwUcCLvLbDLHFDcBrtrScCsmnQnmyIsJ
mteb0_si503,lLhwryaJLMywrTwrswJy
mteb0_sx143,lwJeLkwLznDntrULkTPLBJLuwrLkybBFLH
mteb0_sx233,veSsywDtySsCyDwJsDLtbwE
mteb0_sx323,lctaLHrQwDwDLkbCtCrIgmyEaDLMaD
mteb0_sx413,kbtLDyJSymyKDymBLHGwLJLAaItACbLKLMrKJLAr
mteb0_sx53,TyQwDwJcCLHBSBLAbQIPBrwLAwLvsDJnChBJ
mthc0_si1015,vsynDLHgKraIQlmcQBrLiyJaIJcUcQSgtJLHaLAtyLk
mthc0_si1645,JcLKLvaLMCwUcCScUACLHtByBycDLzcJLMctgLM
mthc0_si2275,wmaBLkwLkFLAtrytwKDkwDKwLKsLHN
mthc0_sx115,lywChBcCLkyLHnLAJLlywLAIaLHBFJaBcLhSB
mthc0_sx205,CBLMrLHrJDbBaILALhcLMwLMPFLhsLuFQrCwLkcaImrJ
mthc0_sx25,vFCBsCBarUBFLCwBywDnrJ
mthc0_sx295,wtAraBLAFDJMISaIBLvbtrQIsKtrCymyEbLMPB
mthc0_sx385,vwKFLkrtnBLMcUwtwSrLhIFLAwDHJ
mwjg0_si1124,HBcLDyLAFMwCyLHCSaItByLtrvwUwDeBcJwJwUCLHSaILDLMCGwLlwyE
mwjg0_si1754,vyJnLlwLAIsUytSBLvbtBa
mwjg0_si494,HsLJLBFBywLlyJLAtSDvbLHeaIcSaELur
mwjg0_sx134,HyJnQIwDLzbDTPrLIDgJLCcQJLMwJLHnDLkwLCBswDwE
mwjg0_sx224,veFLAPLwLwUKTrDLkPIwDLJ
mwjg0_sx314,lwLHyLASwLinDrwJLlrSOLAyLkFwDyLtISaBtnr
mwjg0_sx404,haILhLHrDLHvsLHrwDByJwlwLHwLhaCLHgr
mwjg0_sx44,HbJLMcLHaBLAwDLhywDwLkwLAvswELAJLlSr
fdhc0_si1559,lwKPByLhyUwLHIaLAJCsmwLkSwmySwJtPTByESwLlwDwDJnBt
fdhc0_si2189,TPJaCcCaBSyJLMwLunQwLkFwJyrwJ
fdhc0_si929,hwLJnLiLAsJwUSrwDcLHvbJsDTPKPB
fdhc0_sx119,lwCwJLASFSwUIyLMIbLMrLSwLlwDcLHBwLzy
fdhc0_sx209,CgLAFLABrLhwLhnLkrCaBcLAIsgDJ
fdhc0_sx29,vFBLuIsLkwLHwLAwLlnLActLlwLMsmnCcJ
fdhc0_sx299,KyCyELAIsCwUcLHBaLHTPBrBgmnCgDvaBFSsD
fdhc0_sx389,hscmwLhyveJwDlrCFLAnDLMyJgsLk
felc0_si1386,wESsLKDLurKysKwDJlyvwDLkwJLMIyLhaILHnDUwUwTPDwLSwlwJwDuBTwDTwD
felc0_si2016,vyQaDFJIFLHJLlcLhFLMJLAvcCcDJLMcLA
felc0_si756,CLMTrmwBJLJrInCwLCFSwDLABsDyLSInLkDSGsLkaILhct
felc0_sx126,AaIwtwKBwDLMFBcLzwDLJwJtrIyB
felc0_sx216,lcJCaBLhaFLHcLMSaICcDvFLAr
felc0_sx306,cLiFUEtATPSBLhyLAcDLzwbDrIFJ
felc0_sx36,FSwLhwCFJLcLAvaBLHBcJLaImcJcLMswDLHaLlwBwrmy
felc0_sx396,hctMwKLHLunLkByLHInDLMwLABynDlcJrtcJcDLlcJLCaBSBswLA
fjlm0_si1043,DaJcLHIgUwECByLlwJwLHrFLKJLMwLDeSrLA
fjlm0_si1673,SwDLlsELAvyLlaLDcLBgmsDbFUcLhbmwTb
fjlm0_si2303,yLKaILnLMwLhaIcDAaLhrBtIsJLJBgbKJLMswCLr
fjlm0_sx143,lwJbLwLzwmrtryKLMyLuBJLAsnrLlnvbLB
fjlm0_sx233,veSsywDtIySsCyDwJgsCLlbDwE
fjlm0_sx323,lctaeLHrQwDwLlynCLtrCrIgQsDaDLMgrcC
fjlm0_sx413,lbtLlyJSymsKLDsmcLHBSwLMJLAaItLCbLiJLMrJLAr
fjlm0_sx53,ylwDwJwLABQBLAbLhTPBnrsLAwDLMgsELJwCLhBJ
fmgd0_si1564,vcULkwDQIPSwULhbDwLhgJLDsLAInBtbDUwUbDlnrarLuIsUwELAbmB
fmgd0_si2194,vyDbLtaBgwDLMPwJBatJLzaLlwCbDemwLzyaLhSwULAFDwDvyQBwJLMIbDkw
fmgd0_si934,cNaImyJsLlnmFBJLMrUaIsLtIgDLMaILw
fmgd0_sx124,vaLzwLAJCsmwLATPmrvaLuTmrtB
fmgd0_sx214,lwCByELkyBcDwJLhgnrSbLuBwJwDQwDwJgD
fmgd0_sx304,KyLiJLMeLAyDJtIaDwtrJLMgDnrSBaID
fmgd0_sx34,MeLMPLMrIeBsJLMrmyLksKywJ
fmgd0_sx394,AeJybDCsLMLhcDUDLMyLJLAIaBLC
fmld0_si2185,KyJwLirLMILhDFLhaFDJwLKMIbLJLSnIDLhbLAr
fmld0_si822,lFLHrLkILAKwDCsLhyELAIyJLHIgmybLHsLtbLkrLHrLHrmyUwLlwJLMrLur
fmld0_si925,cvySwUwLuvcJAwLkywULSgLMLhaIJLlw
fmld0_sx115,lywCBcDLwLMwLAJlwLAILHBcJaScLuSF
fmld0_sx205,lcBcLMrLHrJmeBarLAJLhrLMwLMPSBLhsLucLhrwDaIrJ
fmld0_sx25,aFCBwBGrJtBcQDBywCwErJ
fmld0_sx295,vwtLArILAeDJLMCaIvnLhrIsLitrCyLkywLMP
fmld0_sx385,AwJKaBkrtBLlwUwtrSrLhIFLALD
fnlp0_si1308,wDLMsywmwULHaJLhBLMwJcLHIQIsLymBcLMaDLvnrCnEnmsytcQDwLAByrctbLJ
fnlp0_si1938,lBgmwLSwDkcULABcwLzPFLHIgwLMPLlwLkncCLHFr
fnlp0_si678,JtJcQcsJwDCIyLAwDLJwLnrLk
fnlp0_sx138,lwLABcDUyLAcJCrJLlwFLJcCwJLlwDJwtLHrtKybwD
fnlp0_sx228,lwQLzyPLHBswLFQrBwLlynJMwD
fnlp0_sx318,HJBwJLMwCcLlwLMsmnUcLhFtatIacJLJ
fnlp0_sx408,HcLuIcLlwJcLHBSsLHnmcvbCQwDyDcQLisyELMJ
fnlp0_sx48,AInCcLlrnaLuPvrbLhIsEywvwCLvnmyLAvbwLJ
fpas0_si1272,HSaILMrnJLirtOUwLAJ
fpas0_si2204,HImyJPaCwLATCawLATrmrtBQFcCLhIFUcSaLAyDLJLJwLA
fpas0_si944,wQwtaICwUIcLMwLhInCcJLHyLHbsLu
fpas0_sx134,MwJwCLrLznDrDgJCcDLJLJwULHcDwCgsCy
fpas0_sx224,vFLuPmPUzTrwDLkrDLJ
fpas0_sx314,ytLHyLhBaICaILzrcDrJlrLhEcDyLtrSaBtr
fpas0_sx404,haILhrDLHsLHICByUwDwLhwLhacLtar
fpas0_sx44,hcJLwLhaLAwCLhywDnDLMwLMsEJLHBar
fpkt0_si1538,AwLAnILzLAIDKLhgsLJLMwCvaBgLMJLlFLMIwELMPlwLuBPFD
fpkt0_si2168,lsCsLAcJLADtaCwJBcLuw
fpkt0_si908,SyFSwJlcBSPCLhgQcNILhPLJcD
fpkt0_sx188,vPSatLMIgUNywDBwCwmwmwLAJLlnJwLAeF
fpkt0_sx278,MwtIlrvwULHIJLMyLivywLAsKPsQIyUlcSaBJLMIsLzrDB
fpkt0_sx368,DBaIgJLAaJLMPDymwLhBgLuSFUwLhyLAcDLHtByBynBcLun
fpkt0_sx8,SgynBFSaIyFQrJwBygLkwDJ
fpkt0_sx98,unJLlLAScKwDtIcDybLJr
mbpm0_si1577,hIemgUgLhIeBCBcJLMbK
mbpm0_si1584,InLMrUatDLArmwJLhatwLMcLMwLknJLASnKLiwLHmyDnQrLkw
mbpm0_si947,vtKTPIBnrUcLHrLMILMwLhcUFmwE
mbpm0_sx137,MrLkwKDrLASaIJLHIcBcLHIPQBtIcDLkrIsLzHCnrLz
mbpm0_sx227,wLMnBtrLkwLAcLActbLirQr
mbpm0_sx317,lwLAIbDLhrsLhaLuwLMQrwLHrmywDamcC
mbpm0_sx407,HBbtLMnLJcDJsEwtaILicLJLCBaBUcLHBaDw
mbpm0_sx47,CaDJLMaBwLkwJBgLAJbLhcLMgUrJ
mcmj0_si1094,DnaILAwCDwJLHsLHrIyQTrUIgLMrLAIagJLMgsJLDyFSnJLMwLA
mcmj0_si464,hwLHIaJLMnILMrtLAImwLhbLAJLHIbDwDPDLkwUDrDLMtgUwDILtrmsLurQrDr
mcmj0_si602,HwLwrKwLJrQrJcDerDSwLkreLAnJrCrJnQrUrmwCaI
mcmj0_sx104,vyJLMIFcLkagCtICcLhnLr
mcmj0_sx14,wtaILlrUlnrUwLrUbCIyQlyrnQIytaICnr
mcmj0_sx194,DlswDLzrIsLSrDgnILkrKwD
mcmj0_sx284,ibtHrImTPIaImwLtsQrQrJrLMrtATrLzLHrLiwJ
mcmj0_sx374,zaCwLACIsEULKatrKtIFQrQrD
mdab0_si1039,vwUDnQrvDJnBtLlnsvytaLSLKLJLyvsLSLiwQcJMbcJ
mdab0_si1669,HsLAJcsmwLkwELkFLknmctgrJat
mdab0_si2299,JFLMbJyLAaJbmFScLSctaBnJLhybtFD
mdab0_sx139,lcLhBcLuFBFJLMBJBgJwLiSmwLwlwKaIA
mdab0_sx229,aycAPtaFtaScLM
mdab0_sx319,lsLHwLuFLgmFBsLhBLJPwtaIyaILM
mdab0_sx409,ymyEwJLHwmnLiJLDsBsLAIyJwJLMIsNIbLMKFJByv
mdab0_sx49,bLMvSaBgLMcDcJtatLlsaveKcLhBy
mgrt0_si1450,CyLMJLlIysKDLHImcJnJwDFQCyLkvcUIJyLkyLJLMwDLUtymwCmwJLMwLusKwD
mgrt0_si2080,vyBwLCaLAnrywLhIytLAsJ
mgrt0_si820,hcvglbLkLScCtywBcUBcLCbLlwDsLtarJBwULagrwULznDaBLtcUwBbLMwLABtarJLcJ
mgrt0_sx10,cvITrLuIsLJvgrcQrmPBarLlcCbDLJyJ
mgrt0_sx100,HcLzwLkwQlnBCcDLAScJLHrJyDLMPJBy
mgrt0_sx190,JrQUwLABJBavbtKIcQbLkyBnB
mgrt0_sx280,lyFBsJcJLScUcCrIawKLk
mgrt0_sx370,lvwCFBwULHIaBcCLuIFULCSarcCFaBsyTyLiLMsvy
mjdh0_si1354,SNwCcBaILMrJFKcJwJLMcCSaIQwJLAILAMIFtaLMCaBLJBLJwJLMcLCJ
mjdh0_si1984,nDSmagJLMsSaI
mjdh0_si724,wLiwJLMIwCgEIgtBtbJLMCSaBCsLk
mjdh0_sx184,lLAbLJLlyeSayLMrLMLCgTrJ
mjdh0_sx274,lFtBPJPULhcQcBcLiTrIyJLCwJaLKM
mjdh0_sx364,yLicDLMvaCByELAcCBaJLAacLJgmcSwNLHIwLHeDctwvyLJwJLHaI
mjdh0_sx4,zsCsrCaICBmyLhaISILAEvaILk
mjdh0_sx94,wcLJLMPJBtLAaDwLAbLTPJLMIyLiJ
mjln0_si1449,iytwLMrJMwDIsmywJLMrBwUsKwDrUagLUwDCBLMrJrQrJPwJ
mjln0_si2079,lsmwLJBbLlsrtagJ
mjln0_si819,lswrtaIJwUcCaIByLDPLwDwCBnLiwJwLkyLbCPBsnJNDwDCbEtMwUcC
mjln0_sx189,MwJLMIGsmnQIytaIBsmwLMPCgamwULJ
mjln0_sx279,eaJwlwLhwBwByLMPSarLHSwQeLJPLHrQmwKPLvDwUDFSrUy
mjln0_sx369,haLHsLHrmFQwLlFmwmyPCPCwrIFJ
mjln0_sx9,SrSarTPSaBPSarSsy
mjln0_sx99,lCwLkyQBJwJgmySwULhsJLMaDvgnIaILAyJ
mjmp0_si1535,vyLMbCQaBbJLMwJLHyKwLktsnB
mjmp0_si1791,vDeFlcLCbDScUDgLirecLvTCBDkrvgyubLMgmbLSLJwJLMIsTKr
mjmp0_si905,vwUSrLhyLvbwLzwJwLMLMsUbLMLkwtBcwLD
mjmp0_sx185,vyLzTPLhgsDyLAarIsFQrIaBLJ
mjmp0_sx275,JLMyQaILhIgsLIsLAbKCnrKLSsmr
mjmp0_sx365,HwLubCwCLAnLMwUwLMwCLAarmnLAbrCLHaBwLtwJMIyerJ
mjmp0_sx5,KTwJLJnDrlwDgsvbvPC
mjmp0_sx95,TPLuvSambUwDeBgLusmrKrLMbLHLAaILMgBJ
mklt0_si1213,CeFDwLALHwrLUtaBcLJwLHBrFBgcDJ
mklt0_si1843,KPUyInmytaIrLhrmwQnLirUDLyIaQBLScQrLCFSBLHaILDr
mklt0_si583,kwJLSwLHwDJwLAcNnmwLHBywDKJLMsb
mklt0_sx133,HyLMIyTrUwLwChyCTtSrLASrLuBcLi
mklt0_sx223,HwLALhwLiLhBaLMsLScLhIaLi
mklt0_sx313,uIatgtSaCUDlcLhaILJLBtaITLuPBe
mklt0_sx403,vSaILkILACJwJLJcQaBCSwJLArLJwCLhBgFUcCJ
mklt0_sx43,nBLPQyLHyLQBSraBtcDwLAJLASPLkPLk
mlll0_si1363,JcQByJLHnLAwBsKwDJLCsnJcCnInLalrKwJcQBmwCLhwmTPwJ
mlll0_si1993,KwLKySsLAwQC
mlll0_si733,MPFQBwLHcDLKIsmrLAvsDwDLMwCyLJLMnJlcC
mlll0_sx103,AaBwLwBrwJtCnmwLABJwULMcLJ
mlll0_sx13,JByETrIaCwJvgsUKLAsbD
mlll0_sx193,ALSgLhBgLaBnBavSDTaBrKyUCawDQ
mlll0_sx283,HBswDMLHrLvOmaILIwUsKwDJLHCcLHrJLALMIFB
mlll0_sx373,cLhaIwDaCBwUwJcLHrLJwLAwDHnB
mlnt0_si1574,HBgJLSaICLkIaCLhaBcLHCnLMBUwESwLivyCaLMsLHagLHIsbLM
mlnt0_si1902,lcLHaJwEDLuBFLcJnLIbLM
mlnt0_si642,knILHaLJrLMPLJLMbLHIbmrJLAbLisbrvbDaLHaCtLHIbD
mlnt0_sx102,JLHnJrLMvbJtaIJwULIbJLAPvaJLMwLzwJtICLAwLlbLHrJ
mlnt0_sx12,SaIaLhwDCSrgrsTaBFBlnBy
mlnt0_sx192,JLMIaIvbLJLrvaItlbKwCLkwKyr
mlnt0_sx282,lwLMPcLHrtLubLMwLAvaCIaILzrKLMPLlnIBvaILM
mlnt0_sx372,lbLkgLuIaICsLAJbLJLagESsLbtLMrCgLiJLHbmy
mnjm0_si1580,wyaGwJsbDLtnveCaDsbwvLAnDvcJLHaLAc
mnjm0_si2210,laIwLMrDbLurcJLaLJBSaIr
mnjm0_si950,bJaLiLwFScULyaLHaBcLMnLJcDvbDFCymnLMctJBlcLAsKwDLhSgsCbJlwLz
mnjm0_sx140,lbmrLAaBLMaBLHIamcLJaIaDsQcBywLlwJLKwQwlw
mnjm0_sx230,HBaBySgsvnrLhFIeJDBagwJvaBnrcLJ
mnjm0_sx320,lcDnrJcDcLaLHwLCsDaLPScJcESaLAwELlcJLlcDLJM
mnjm0_sx410,AIsLhagLJtIcJLCaBLAyLiLSyLlsCaIgwE
mnjm0_sx50,AbmcJLAIatwLAcLAcDaCwLAaLHbLJlwLuBbLtcLHaIr
mpam0_si1189,yLktTFLuIcDUrLAaLirkPCLHwUwKwD
mpam0_si1819,vTIcLkwUgJByLhByStScCvTPLzLHav
mpam0_si1961,cJnLuwLMILiLMwKrLJBPQLwDytBLlcLhIytLhrICcUaLhIaIC
mpam0_sx109,KJBOLMDJLhIywkrgELASaCwJLMyLzJSFLHA
mpam0_sx19,SFBPSDwCJFQSrLACatDLhytBcCUy
mpam0_sx199,TcCLirFQrLzwmrQarLkwLAKLhFrKrLMLAwLMsLzwJLMwUPUwCU
mpam0_sx289,SclrLHrQLABaKwUrQrTPJtBSwDJMymyaCaB
mpam0_sx379,HvbCLkwQULkIcQwEBcJCUcCLHrJLlsPwJ
mtas1_si1473,TmFmymwDctLvcDy
mtas1_si2098,vyLuysmsKaILrvaILhBgbtwDBcLMwvrvrDFSwESBy
mtas1_si838,yELAIyJwDLMwLhFQlyPLHIamwLkwQlFBLkc
mtas1_sx118,AcCLhagsDLaBlyCLuIyTwLJLwDBaILzLHB
mtas1_sx208,IaLJbLhclcLHvacCLkwLwDJLAbLiLMwJLMIsLuyJ
mtas1_sx28,hsLlnLuaILtrScCLunBaCLctLAbJ
mtas1_sx298,gLuInlwDcLhgmyKTPUwLhyFQrLiIaILzLM
mtas1_sx388,vrIgLvybrvwLsLAJLScDnQrlwLhrQCnLMrLHrKrLisLzwJ
mtls0_si1370,SPCsJsmnLvwJLHIeQScCScULHgLDeFJLMLhwLlnLvyIrtTyJLMIyLCw
mtls0_si2000,SyLAyLATwmwLhwtwLkysLAyLvyJwLMsKwLlw
mtls0_si740,MPQSwNeLtsLJyLMsLhBLAaBctJ
mtls0_sx110,lLhbJLASwLMcICgrDLwJLMwJaLhnLJLHrLHIaLHcDLJ
mtls0_sx20,KTPSaISaILtByJyScDFtrIaBJ
mtls0_sx200,IetLAwLMrFLhwJLMeLHaLMtrDlcLHPLMrJ
mtls0_sx290,lwJLHrQKrwJLHLMwLwtaICLMwtILHrJLHrLMcQLhBar
mtls0_sx380,SgLMaILzCQrcmytrJwLiLAaILHrLi
mwbt0_si1553,vcBSFQFlBwmrIyDBsyLkacLhBbLMwLhBgJnQBLkcUcCBcLitrcSDJcLHrcJ
mwbt0_si2183,hFLAJctFKyDcLAJ
mwbt0_si923,MwDwmywLAJLrLJlwJLMIwEScUwDnQcmcLhB
mwbt0_sx113,sDcJLAwBcmbLkcCBcDPDLlwULAOLtGTwLhbLA
mwbt0_sx203,lwLAacUSsywDLkwLkcLhIcLHBsyknLlwKFaIA
mwbt0_sx23,lFUTPUwKwDUveDcDcgwULBeQBJBy
mwbt0_sx293,lyJLMJsLlwJLMwmyLMsLhcLAatJLMclwLAByDwUtcCBsy
mwbt0_sx383,lwLAeLHwLASymrULKsbDLHPmeIaImycLAFIaILur
mwew0_si1361,ScmwDwJtScDJnLKwCSySFLADkFamwmrJ
mwew0_si1991,ScNwLHBQIFDwJLMIyLMwDLAcJLMPCUwDCbJLAJHwDnQwEcCaB
mwew0_si731,ctyTPwJBsmrLlwLkFCLtnBcD
mwew0_sx101,MwDwLurDKwFmrwDLknLArsLMrLASnJrDitIaBaBFksJ
mwew0_sx11,vyPBaBarQrBgvw
mwew0_sx191,SPLkIaBtaDynLATPUsKwDUwSEScLJ
mwew0_sx281,AaIyLMIwKLHGsLMnLSPLhyLiLhaBJtrIeFarJ
mwew0_sx371,IsLDeCwDcLHymwLhcJLMbtrLhwUDwJLCrLzTrJ
